{
    "loss": 0.04098127409815788,
    "accuracy": 0.9984375238418579
}