{
    "loss": 0.03724030405282974,
    "accuracy": 0.9958333373069763
}